country,industry_id,name_zh,name_en,bea_line,period,current_value_added_usd_million,source_url,sheet,cell,release_date,vintage
US,us-agriculture,农业、林业、渔业和狩猎业,"Agriculture, forestry, fishing, and hunting",3,2021,230723,https://apps.bea.gov/industry/Release/XLS/GDPxInd/ValueAdded.xlsx,TVA105-A,AB11,2026-06-25,2026-06-25
US,us-agriculture,农业、林业、渔业和狩猎业,"Agriculture, forestry, fishing, and hunting",3,2022,294048,https://apps.bea.gov/industry/Release/XLS/GDPxInd/ValueAdded.xlsx,TVA105-A,AC11,2026-06-25,2026-06-25
US,us-agriculture,农业、林业、渔业和狩猎业,"Agriculture, forestry, fishing, and hunting",3,2023,270441,https://apps.bea.gov/industry/Release/XLS/GDPxInd/ValueAdded.xlsx,TVA105-A,AD11,2026-06-25,2026-06-25
US,us-agriculture,农业、林业、渔业和狩猎业,"Agriculture, forestry, fishing, and hunting",3,2024,269686,https://apps.bea.gov/industry/Release/XLS/GDPxInd/ValueAdded.xlsx,TVA105-A,AE11,2026-06-25,2026-06-25
US,us-agriculture,农业、林业、渔业和狩猎业,"Agriculture, forestry, fishing, and hunting",3,2025,272014,https://apps.bea.gov/industry/Release/XLS/GDPxInd/ValueAdded.xlsx,TVA105-A,AF11,2026-06-25,2026-06-25
US,us-mining,采矿业,Mining,6,2021,336076,https://apps.bea.gov/industry/Release/XLS/GDPxInd/ValueAdded.xlsx,TVA105-A,AB14,2026-06-25,2026-06-25
US,us-mining,采矿业,Mining,6,2022,466944,https://apps.bea.gov/industry/Release/XLS/GDPxInd/ValueAdded.xlsx,TVA105-A,AC14,2026-06-25,2026-06-25
US,us-mining,采矿业,Mining,6,2023,411819,https://apps.bea.gov/industry/Release/XLS/GDPxInd/ValueAdded.xlsx,TVA105-A,AD14,2026-06-25,2026-06-25
US,us-mining,采矿业,Mining,6,2024,404248,https://apps.bea.gov/industry/Release/XLS/GDPxInd/ValueAdded.xlsx,TVA105-A,AE14,2026-06-25,2026-06-25
US,us-mining,采矿业,Mining,6,2025,384285,https://apps.bea.gov/industry/Release/XLS/GDPxInd/ValueAdded.xlsx,TVA105-A,AF14,2026-06-25,2026-06-25
US,us-utilities,公用事业,Utilities,10,2021,392948,https://apps.bea.gov/industry/Release/XLS/GDPxInd/ValueAdded.xlsx,TVA105-A,AB18,2026-06-25,2026-06-25
US,us-utilities,公用事业,Utilities,10,2022,440787,https://apps.bea.gov/industry/Release/XLS/GDPxInd/ValueAdded.xlsx,TVA105-A,AC18,2026-06-25,2026-06-25
US,us-utilities,公用事业,Utilities,10,2023,457772,https://apps.bea.gov/industry/Release/XLS/GDPxInd/ValueAdded.xlsx,TVA105-A,AD18,2026-06-25,2026-06-25
US,us-utilities,公用事业,Utilities,10,2024,454357,https://apps.bea.gov/industry/Release/XLS/GDPxInd/ValueAdded.xlsx,TVA105-A,AE18,2026-06-25,2026-06-25
US,us-utilities,公用事业,Utilities,10,2025,471246,https://apps.bea.gov/industry/Release/XLS/GDPxInd/ValueAdded.xlsx,TVA105-A,AF18,2026-06-25,2026-06-25
US,us-construction,建筑业,Construction,11,2021,1012113,https://apps.bea.gov/industry/Release/XLS/GDPxInd/ValueAdded.xlsx,TVA105-A,AB19,2026-06-25,2026-06-25
US,us-construction,建筑业,Construction,11,2022,1112415,https://apps.bea.gov/industry/Release/XLS/GDPxInd/ValueAdded.xlsx,TVA105-A,AC19,2026-06-25,2026-06-25
US,us-construction,建筑业,Construction,11,2023,1224556,https://apps.bea.gov/industry/Release/XLS/GDPxInd/ValueAdded.xlsx,TVA105-A,AD19,2026-06-25,2026-06-25
US,us-construction,建筑业,Construction,11,2024,1305402,https://apps.bea.gov/industry/Release/XLS/GDPxInd/ValueAdded.xlsx,TVA105-A,AE19,2026-06-25,2026-06-25
US,us-construction,建筑业,Construction,11,2025,1341322,https://apps.bea.gov/industry/Release/XLS/GDPxInd/ValueAdded.xlsx,TVA105-A,AF19,2026-06-25,2026-06-25
US,us-manufacturing,制造业,Manufacturing,12,2021,2416339,https://apps.bea.gov/industry/Release/XLS/GDPxInd/ValueAdded.xlsx,TVA105-A,AB20,2026-06-25,2026-06-25
US,us-manufacturing,制造业,Manufacturing,12,2022,2668228,https://apps.bea.gov/industry/Release/XLS/GDPxInd/ValueAdded.xlsx,TVA105-A,AC20,2026-06-25,2026-06-25
US,us-manufacturing,制造业,Manufacturing,12,2023,2816477,https://apps.bea.gov/industry/Release/XLS/GDPxInd/ValueAdded.xlsx,TVA105-A,AD20,2026-06-25,2026-06-25
US,us-manufacturing,制造业,Manufacturing,12,2024,2880724,https://apps.bea.gov/industry/Release/XLS/GDPxInd/ValueAdded.xlsx,TVA105-A,AE20,2026-06-25,2026-06-25
US,us-manufacturing,制造业,Manufacturing,12,2025,2896476,https://apps.bea.gov/industry/Release/XLS/GDPxInd/ValueAdded.xlsx,TVA105-A,AF20,2026-06-25,2026-06-25
US,us-wholesale,批发业,Wholesale trade,34,2021,1414865,https://apps.bea.gov/industry/Release/XLS/GDPxInd/ValueAdded.xlsx,TVA105-A,AB42,2026-06-25,2026-06-25
US,us-wholesale,批发业,Wholesale trade,34,2022,1594433,https://apps.bea.gov/industry/Release/XLS/GDPxInd/ValueAdded.xlsx,TVA105-A,AC42,2026-06-25,2026-06-25
US,us-wholesale,批发业,Wholesale trade,34,2023,1652777,https://apps.bea.gov/industry/Release/XLS/GDPxInd/ValueAdded.xlsx,TVA105-A,AD42,2026-06-25,2026-06-25
US,us-wholesale,批发业,Wholesale trade,34,2024,1706289,https://apps.bea.gov/industry/Release/XLS/GDPxInd/ValueAdded.xlsx,TVA105-A,AE42,2026-06-25,2026-06-25
US,us-wholesale,批发业,Wholesale trade,34,2025,1905380,https://apps.bea.gov/industry/Release/XLS/GDPxInd/ValueAdded.xlsx,TVA105-A,AF42,2026-06-25,2026-06-25
US,us-retail,零售业,Retail trade,35,2021,1537411,https://apps.bea.gov/industry/Release/XLS/GDPxInd/ValueAdded.xlsx,TVA105-A,AB43,2026-06-25,2026-06-25
US,us-retail,零售业,Retail trade,35,2022,1647845,https://apps.bea.gov/industry/Release/XLS/GDPxInd/ValueAdded.xlsx,TVA105-A,AC43,2026-06-25,2026-06-25
US,us-retail,零售业,Retail trade,35,2023,1779566,https://apps.bea.gov/industry/Release/XLS/GDPxInd/ValueAdded.xlsx,TVA105-A,AD43,2026-06-25,2026-06-25
US,us-retail,零售业,Retail trade,35,2024,1849039,https://apps.bea.gov/industry/Release/XLS/GDPxInd/ValueAdded.xlsx,TVA105-A,AE43,2026-06-25,2026-06-25
US,us-retail,零售业,Retail trade,35,2025,1921751,https://apps.bea.gov/industry/Release/XLS/GDPxInd/ValueAdded.xlsx,TVA105-A,AF43,2026-06-25,2026-06-25
US,us-transport,运输和仓储业,Transportation and warehousing,40,2021,779275,https://apps.bea.gov/industry/Release/XLS/GDPxInd/ValueAdded.xlsx,TVA105-A,AB48,2026-06-25,2026-06-25
US,us-transport,运输和仓储业,Transportation and warehousing,40,2022,912104,https://apps.bea.gov/industry/Release/XLS/GDPxInd/ValueAdded.xlsx,TVA105-A,AC48,2026-06-25,2026-06-25
US,us-transport,运输和仓储业,Transportation and warehousing,40,2023,946065,https://apps.bea.gov/industry/Release/XLS/GDPxInd/ValueAdded.xlsx,TVA105-A,AD48,2026-06-25,2026-06-25
US,us-transport,运输和仓储业,Transportation and warehousing,40,2024,987302,https://apps.bea.gov/industry/Release/XLS/GDPxInd/ValueAdded.xlsx,TVA105-A,AE48,2026-06-25,2026-06-25
US,us-transport,运输和仓储业,Transportation and warehousing,40,2025,1023864,https://apps.bea.gov/industry/Release/XLS/GDPxInd/ValueAdded.xlsx,TVA105-A,AF48,2026-06-25,2026-06-25
US,us-information,信息业,Information,49,2021,1312628,https://apps.bea.gov/industry/Release/XLS/GDPxInd/ValueAdded.xlsx,TVA105-A,AB57,2026-06-25,2026-06-25
US,us-information,信息业,Information,49,2022,1383492,https://apps.bea.gov/industry/Release/XLS/GDPxInd/ValueAdded.xlsx,TVA105-A,AC57,2026-06-25,2026-06-25
US,us-information,信息业,Information,49,2023,1491283,https://apps.bea.gov/industry/Release/XLS/GDPxInd/ValueAdded.xlsx,TVA105-A,AD57,2026-06-25,2026-06-25
US,us-information,信息业,Information,49,2024,1592692,https://apps.bea.gov/industry/Release/XLS/GDPxInd/ValueAdded.xlsx,TVA105-A,AE57,2026-06-25,2026-06-25
US,us-information,信息业,Information,49,2025,1695042,https://apps.bea.gov/industry/Release/XLS/GDPxInd/ValueAdded.xlsx,TVA105-A,AF57,2026-06-25,2026-06-25
US,us-finance,金融和保险业,Finance and insurance,55,2021,1862356,https://apps.bea.gov/industry/Release/XLS/GDPxInd/ValueAdded.xlsx,TVA105-A,AB63,2026-06-25,2026-06-25
US,us-finance,金融和保险业,Finance and insurance,55,2022,1982604,https://apps.bea.gov/industry/Release/XLS/GDPxInd/ValueAdded.xlsx,TVA105-A,AC63,2026-06-25,2026-06-25
US,us-finance,金融和保险业,Finance and insurance,55,2023,2075720,https://apps.bea.gov/industry/Release/XLS/GDPxInd/ValueAdded.xlsx,TVA105-A,AD63,2026-06-25,2026-06-25
US,us-finance,金融和保险业,Finance and insurance,55,2024,2229155,https://apps.bea.gov/industry/Release/XLS/GDPxInd/ValueAdded.xlsx,TVA105-A,AE63,2026-06-25,2026-06-25
US,us-finance,金融和保险业,Finance and insurance,55,2025,2441825,https://apps.bea.gov/industry/Release/XLS/GDPxInd/ValueAdded.xlsx,TVA105-A,AF63,2026-06-25,2026-06-25
US,us-real-estate,房地产及租赁业,Real estate and rental and leasing,60,2021,3152283,https://apps.bea.gov/industry/Release/XLS/GDPxInd/ValueAdded.xlsx,TVA105-A,AB68,2026-06-25,2026-06-25
US,us-real-estate,房地产及租赁业,Real estate and rental and leasing,60,2022,3472481,https://apps.bea.gov/industry/Release/XLS/GDPxInd/ValueAdded.xlsx,TVA105-A,AC68,2026-06-25,2026-06-25
US,us-real-estate,房地产及租赁业,Real estate and rental and leasing,60,2023,3807716,https://apps.bea.gov/industry/Release/XLS/GDPxInd/ValueAdded.xlsx,TVA105-A,AD68,2026-06-25,2026-06-25
US,us-real-estate,房地产及租赁业,Real estate and rental and leasing,60,2024,4052400,https://apps.bea.gov/industry/Release/XLS/GDPxInd/ValueAdded.xlsx,TVA105-A,AE68,2026-06-25,2026-06-25
US,us-real-estate,房地产及租赁业,Real estate and rental and leasing,60,2025,4238566,https://apps.bea.gov/industry/Release/XLS/GDPxInd/ValueAdded.xlsx,TVA105-A,AF68,2026-06-25,2026-06-25
US,us-professional,专业、科学和技术服务业,"Professional, scientific, and technical services",66,2021,1885233,https://apps.bea.gov/industry/Release/XLS/GDPxInd/ValueAdded.xlsx,TVA105-A,AB74,2026-06-25,2026-06-25
US,us-professional,专业、科学和技术服务业,"Professional, scientific, and technical services",66,2022,2057502,https://apps.bea.gov/industry/Release/XLS/GDPxInd/ValueAdded.xlsx,TVA105-A,AC74,2026-06-25,2026-06-25
US,us-professional,专业、科学和技术服务业,"Professional, scientific, and technical services",66,2023,2220588,https://apps.bea.gov/industry/Release/XLS/GDPxInd/ValueAdded.xlsx,TVA105-A,AD74,2026-06-25,2026-06-25
US,us-professional,专业、科学和技术服务业,"Professional, scientific, and technical services",66,2024,2355069,https://apps.bea.gov/industry/Release/XLS/GDPxInd/ValueAdded.xlsx,TVA105-A,AE74,2026-06-25,2026-06-25
US,us-professional,专业、科学和技术服务业,"Professional, scientific, and technical services",66,2025,2494176,https://apps.bea.gov/industry/Release/XLS/GDPxInd/ValueAdded.xlsx,TVA105-A,AF74,2026-06-25,2026-06-25
US,us-management,公司和企业管理,Management of companies and enterprises,70,2021,445734,https://apps.bea.gov/industry/Release/XLS/GDPxInd/ValueAdded.xlsx,TVA105-A,AB78,2026-06-25,2026-06-25
US,us-management,公司和企业管理,Management of companies and enterprises,70,2022,479846,https://apps.bea.gov/industry/Release/XLS/GDPxInd/ValueAdded.xlsx,TVA105-A,AC78,2026-06-25,2026-06-25
US,us-management,公司和企业管理,Management of companies and enterprises,70,2023,504015,https://apps.bea.gov/industry/Release/XLS/GDPxInd/ValueAdded.xlsx,TVA105-A,AD78,2026-06-25,2026-06-25
US,us-management,公司和企业管理,Management of companies and enterprises,70,2024,544333,https://apps.bea.gov/industry/Release/XLS/GDPxInd/ValueAdded.xlsx,TVA105-A,AE78,2026-06-25,2026-06-25
US,us-management,公司和企业管理,Management of companies and enterprises,70,2025,576771,https://apps.bea.gov/industry/Release/XLS/GDPxInd/ValueAdded.xlsx,TVA105-A,AF78,2026-06-25,2026-06-25
US,us-administrative,行政及废弃物管理服务业,Administrative and waste management services,71,2021,740139,https://apps.bea.gov/industry/Release/XLS/GDPxInd/ValueAdded.xlsx,TVA105-A,AB79,2026-06-25,2026-06-25
US,us-administrative,行政及废弃物管理服务业,Administrative and waste management services,71,2022,836987,https://apps.bea.gov/industry/Release/XLS/GDPxInd/ValueAdded.xlsx,TVA105-A,AC79,2026-06-25,2026-06-25
US,us-administrative,行政及废弃物管理服务业,Administrative and waste management services,71,2023,885237,https://apps.bea.gov/industry/Release/XLS/GDPxInd/ValueAdded.xlsx,TVA105-A,AD79,2026-06-25,2026-06-25
US,us-administrative,行政及废弃物管理服务业,Administrative and waste management services,71,2024,911703,https://apps.bea.gov/industry/Release/XLS/GDPxInd/ValueAdded.xlsx,TVA105-A,AE79,2026-06-25,2026-06-25
US,us-administrative,行政及废弃物管理服务业,Administrative and waste management services,71,2025,952426,https://apps.bea.gov/industry/Release/XLS/GDPxInd/ValueAdded.xlsx,TVA105-A,AF79,2026-06-25,2026-06-25
US,us-education,教育服务业,Educational services,75,2021,269939,https://apps.bea.gov/industry/Release/XLS/GDPxInd/ValueAdded.xlsx,TVA105-A,AB83,2026-06-25,2026-06-25
US,us-education,教育服务业,Educational services,75,2022,296087,https://apps.bea.gov/industry/Release/XLS/GDPxInd/ValueAdded.xlsx,TVA105-A,AC83,2026-06-25,2026-06-25
US,us-education,教育服务业,Educational services,75,2023,316421,https://apps.bea.gov/industry/Release/XLS/GDPxInd/ValueAdded.xlsx,TVA105-A,AD83,2026-06-25,2026-06-25
US,us-education,教育服务业,Educational services,75,2024,334785,https://apps.bea.gov/industry/Release/XLS/GDPxInd/ValueAdded.xlsx,TVA105-A,AE83,2026-06-25,2026-06-25
US,us-education,教育服务业,Educational services,75,2025,347194,https://apps.bea.gov/industry/Release/XLS/GDPxInd/ValueAdded.xlsx,TVA105-A,AF83,2026-06-25,2026-06-25
US,us-health,医疗保健和社会援助,Health care and social assistance,76,2021,1734179,https://apps.bea.gov/industry/Release/XLS/GDPxInd/ValueAdded.xlsx,TVA105-A,AB84,2026-06-25,2026-06-25
US,us-health,医疗保健和社会援助,Health care and social assistance,76,2022,1863046,https://apps.bea.gov/industry/Release/XLS/GDPxInd/ValueAdded.xlsx,TVA105-A,AC84,2026-06-25,2026-06-25
US,us-health,医疗保健和社会援助,Health care and social assistance,76,2023,2043659,https://apps.bea.gov/industry/Release/XLS/GDPxInd/ValueAdded.xlsx,TVA105-A,AD84,2026-06-25,2026-06-25
US,us-health,医疗保健和社会援助,Health care and social assistance,76,2024,2209381,https://apps.bea.gov/industry/Release/XLS/GDPxInd/ValueAdded.xlsx,TVA105-A,AE84,2026-06-25,2026-06-25
US,us-health,医疗保健和社会援助,Health care and social assistance,76,2025,2371037,https://apps.bea.gov/industry/Release/XLS/GDPxInd/ValueAdded.xlsx,TVA105-A,AF84,2026-06-25,2026-06-25
US,us-arts,艺术、娱乐和休闲业,"Arts, entertainment, and recreation",82,2021,215564,https://apps.bea.gov/industry/Release/XLS/GDPxInd/ValueAdded.xlsx,TVA105-A,AB90,2026-06-25,2026-06-25
US,us-arts,艺术、娱乐和休闲业,"Arts, entertainment, and recreation",82,2022,263960,https://apps.bea.gov/industry/Release/XLS/GDPxInd/ValueAdded.xlsx,TVA105-A,AC90,2026-06-25,2026-06-25
US,us-arts,艺术、娱乐和休闲业,"Arts, entertainment, and recreation",82,2023,303721,https://apps.bea.gov/industry/Release/XLS/GDPxInd/ValueAdded.xlsx,TVA105-A,AD90,2026-06-25,2026-06-25
US,us-arts,艺术、娱乐和休闲业,"Arts, entertainment, and recreation",82,2024,326765,https://apps.bea.gov/industry/Release/XLS/GDPxInd/ValueAdded.xlsx,TVA105-A,AE90,2026-06-25,2026-06-25
US,us-arts,艺术、娱乐和休闲业,"Arts, entertainment, and recreation",82,2025,355839,https://apps.bea.gov/industry/Release/XLS/GDPxInd/ValueAdded.xlsx,TVA105-A,AF90,2026-06-25,2026-06-25
US,us-hospitality,住宿和餐饮业,Accommodation and food services,85,2021,695395,https://apps.bea.gov/industry/Release/XLS/GDPxInd/ValueAdded.xlsx,TVA105-A,AB93,2026-06-25,2026-06-25
US,us-hospitality,住宿和餐饮业,Accommodation and food services,85,2022,806303,https://apps.bea.gov/industry/Release/XLS/GDPxInd/ValueAdded.xlsx,TVA105-A,AC93,2026-06-25,2026-06-25
US,us-hospitality,住宿和餐饮业,Accommodation and food services,85,2023,915775,https://apps.bea.gov/industry/Release/XLS/GDPxInd/ValueAdded.xlsx,TVA105-A,AD93,2026-06-25,2026-06-25
US,us-hospitality,住宿和餐饮业,Accommodation and food services,85,2024,960356,https://apps.bea.gov/industry/Release/XLS/GDPxInd/ValueAdded.xlsx,TVA105-A,AE93,2026-06-25,2026-06-25
US,us-hospitality,住宿和餐饮业,Accommodation and food services,85,2025,976493,https://apps.bea.gov/industry/Release/XLS/GDPxInd/ValueAdded.xlsx,TVA105-A,AF93,2026-06-25,2026-06-25
US,us-other-services,其他服务业（政府除外）,"Other services, except government",88,2021,484518,https://apps.bea.gov/industry/Release/XLS/GDPxInd/ValueAdded.xlsx,TVA105-A,AB96,2026-06-25,2026-06-25
US,us-other-services,其他服务业（政府除外）,"Other services, except government",88,2022,549781,https://apps.bea.gov/industry/Release/XLS/GDPxInd/ValueAdded.xlsx,TVA105-A,AC96,2026-06-25,2026-06-25
US,us-other-services,其他服务业（政府除外）,"Other services, except government",88,2023,589187,https://apps.bea.gov/industry/Release/XLS/GDPxInd/ValueAdded.xlsx,TVA105-A,AD96,2026-06-25,2026-06-25
US,us-other-services,其他服务业（政府除外）,"Other services, except government",88,2024,627985,https://apps.bea.gov/industry/Release/XLS/GDPxInd/ValueAdded.xlsx,TVA105-A,AE96,2026-06-25,2026-06-25
US,us-other-services,其他服务业（政府除外）,"Other services, except government",88,2025,649382,https://apps.bea.gov/industry/Release/XLS/GDPxInd/ValueAdded.xlsx,TVA105-A,AF96,2026-06-25,2026-06-25
US,us-government,政府,Government,89,2021,2807928,https://apps.bea.gov/industry/Release/XLS/GDPxInd/ValueAdded.xlsx,TVA105-A,AB97,2026-06-25,2026-06-25
US,us-government,政府,Government,89,2022,2925723,https://apps.bea.gov/industry/Release/XLS/GDPxInd/ValueAdded.xlsx,TVA105-A,AC97,2026-06-25,2026-06-25
US,us-government,政府,Government,89,2023,3098723,https://apps.bea.gov/industry/Release/XLS/GDPxInd/ValueAdded.xlsx,TVA105-A,AD97,2026-06-25,2026-06-25
US,us-government,政府,Government,89,2024,3296342,https://apps.bea.gov/industry/Release/XLS/GDPxInd/ValueAdded.xlsx,TVA105-A,AE97,2026-06-25,2026-06-25
US,us-government,政府,Government,89,2025,3447010,https://apps.bea.gov/industry/Release/XLS/GDPxInd/ValueAdded.xlsx,TVA105-A,AF97,2026-06-25,2026-06-25
